N,D,Time_Seconds,True_Rank
100,1024,0.03686958411708474,100
200,1024,0.05128654185682535,200
400,1024,0.11936741694808006,400
800,1024,0.3977850419469178,512
1600,1024,1.2979280001018196,512
3200,1024,3.9583362080156803,512
6400,1024,15.108438875060529,512
12800,1024,64.31035966705531,512
